year,material,region,value
1870,tin,EU27,
1870,tin,China,
1870,tin,RoW,
1870,zinc,EU27,
1870,zinc,China,
1870,zinc,RoW,
1870,nickel,EU27,
1870,nickel,China,
1870,nickel,RoW,
1871,tin,EU27,
1871,tin,China,
1871,tin,RoW,
1871,zinc,EU27,
1871,zinc,China,
1871,zinc,RoW,
1871,nickel,EU27,
1871,nickel,China,
1871,nickel,RoW,
1872,tin,EU27,
1872,tin,China,
1872,tin,RoW,
1872,zinc,EU27,
1872,zinc,China,
1872,zinc,RoW,
1872,nickel,EU27,
1872,nickel,China,
1872,nickel,RoW,
1873,tin,EU27,
1873,tin,China,
1873,tin,RoW,
1873,zinc,EU27,
1873,zinc,China,
1873,zinc,RoW,
1873,nickel,EU27,
1873,nickel,China,
1873,nickel,RoW,
1874,tin,EU27,
1874,tin,China,
1874,tin,RoW,
1874,zinc,EU27,
1874,zinc,China,
1874,zinc,RoW,
1874,nickel,EU27,
1874,nickel,China,
1874,nickel,RoW,
1875,tin,EU27,
1875,tin,China,
1875,tin,RoW,
1875,zinc,EU27,
1875,zinc,China,
1875,zinc,RoW,
1875,nickel,EU27,
1875,nickel,China,
1875,nickel,RoW,
1876,tin,EU27,
1876,tin,China,
1876,tin,RoW,
1876,zinc,EU27,
1876,zinc,China,
1876,zinc,RoW,
1876,nickel,EU27,
1876,nickel,China,
1876,nickel,RoW,
1877,tin,EU27,
1877,tin,China,
1877,tin,RoW,
1877,zinc,EU27,
1877,zinc,China,
1877,zinc,RoW,
1877,nickel,EU27,
1877,nickel,China,
1877,nickel,RoW,
1878,tin,EU27,
1878,tin,China,
1878,tin,RoW,
1878,zinc,EU27,
1878,zinc,China,
1878,zinc,RoW,
1878,nickel,EU27,
1878,nickel,China,
1878,nickel,RoW,
1879,tin,EU27,
1879,tin,China,
1879,tin,RoW,
1879,zinc,EU27,
1879,zinc,China,
1879,zinc,RoW,
1879,nickel,EU27,
1879,nickel,China,
1879,nickel,RoW,
1880,tin,EU27,
1880,tin,China,
1880,tin,RoW,
1880,zinc,EU27,
1880,zinc,China,
1880,zinc,RoW,
1880,nickel,EU27,
1880,nickel,China,
1880,nickel,RoW,
1881,tin,EU27,
1881,tin,China,
1881,tin,RoW,
1881,zinc,EU27,
1881,zinc,China,
1881,zinc,RoW,
1881,nickel,EU27,
1881,nickel,China,
1881,nickel,RoW,
1882,tin,EU27,
1882,tin,China,
1882,tin,RoW,
1882,zinc,EU27,
1882,zinc,China,
1882,zinc,RoW,
1882,nickel,EU27,
1882,nickel,China,
1882,nickel,RoW,
1883,tin,EU27,
1883,tin,China,
1883,tin,RoW,
1883,zinc,EU27,
1883,zinc,China,
1883,zinc,RoW,
1883,nickel,EU27,
1883,nickel,China,
1883,nickel,RoW,
1884,tin,EU27,
1884,tin,China,
1884,tin,RoW,
1884,zinc,EU27,
1884,zinc,China,
1884,zinc,RoW,
1884,nickel,EU27,
1884,nickel,China,
1884,nickel,RoW,
1885,tin,EU27,
1885,tin,China,
1885,tin,RoW,
1885,zinc,EU27,
1885,zinc,China,
1885,zinc,RoW,
1885,nickel,EU27,
1885,nickel,China,
1885,nickel,RoW,
1886,tin,EU27,
1886,tin,China,
1886,tin,RoW,
1886,zinc,EU27,
1886,zinc,China,
1886,zinc,RoW,
1886,nickel,EU27,
1886,nickel,China,
1886,nickel,RoW,
1887,tin,EU27,
1887,tin,China,
1887,tin,RoW,
1887,zinc,EU27,
1887,zinc,China,
1887,zinc,RoW,
1887,nickel,EU27,
1887,nickel,China,
1887,nickel,RoW,
1888,tin,EU27,
1888,tin,China,
1888,tin,RoW,
1888,zinc,EU27,
1888,zinc,China,
1888,zinc,RoW,
1888,nickel,EU27,
1888,nickel,China,
1888,nickel,RoW,
1889,tin,EU27,
1889,tin,China,
1889,tin,RoW,
1889,zinc,EU27,
1889,zinc,China,
1889,zinc,RoW,
1889,nickel,EU27,
1889,nickel,China,
1889,nickel,RoW,
1890,tin,EU27,
1890,tin,China,
1890,tin,RoW,
1890,zinc,EU27,
1890,zinc,China,
1890,zinc,RoW,
1890,nickel,EU27,
1890,nickel,China,
1890,nickel,RoW,
1891,tin,EU27,
1891,tin,China,
1891,tin,RoW,
1891,zinc,EU27,
1891,zinc,China,
1891,zinc,RoW,
1891,nickel,EU27,
1891,nickel,China,
1891,nickel,RoW,
1892,tin,EU27,
1892,tin,China,
1892,tin,RoW,
1892,zinc,EU27,
1892,zinc,China,
1892,zinc,RoW,
1892,nickel,EU27,
1892,nickel,China,
1892,nickel,RoW,
1893,tin,EU27,
1893,tin,China,
1893,tin,RoW,
1893,zinc,EU27,
1893,zinc,China,
1893,zinc,RoW,
1893,nickel,EU27,
1893,nickel,China,
1893,nickel,RoW,
1894,tin,EU27,
1894,tin,China,
1894,tin,RoW,
1894,zinc,EU27,
1894,zinc,China,
1894,zinc,RoW,
1894,nickel,EU27,
1894,nickel,China,
1894,nickel,RoW,
1895,tin,EU27,
1895,tin,China,
1895,tin,RoW,
1895,zinc,EU27,
1895,zinc,China,
1895,zinc,RoW,
1895,nickel,EU27,
1895,nickel,China,
1895,nickel,RoW,
1896,tin,EU27,
1896,tin,China,
1896,tin,RoW,
1896,zinc,EU27,
1896,zinc,China,
1896,zinc,RoW,
1896,nickel,EU27,
1896,nickel,China,
1896,nickel,RoW,
1897,tin,EU27,
1897,tin,China,
1897,tin,RoW,
1897,zinc,EU27,
1897,zinc,China,
1897,zinc,RoW,
1897,nickel,EU27,
1897,nickel,China,
1897,nickel,RoW,
1898,tin,EU27,
1898,tin,China,
1898,tin,RoW,
1898,zinc,EU27,
1898,zinc,China,
1898,zinc,RoW,
1898,nickel,EU27,
1898,nickel,China,
1898,nickel,RoW,
1899,tin,EU27,
1899,tin,China,
1899,tin,RoW,
1899,zinc,EU27,
1899,zinc,China,
1899,zinc,RoW,
1899,nickel,EU27,
1899,nickel,China,
1899,nickel,RoW,
1900,tin,EU27,
1900,tin,China,
1900,tin,RoW,
1900,zinc,EU27,
1900,zinc,China,
1900,zinc,RoW,
1900,nickel,EU27,
1900,nickel,China,
1900,nickel,RoW,
1901,tin,EU27,
1901,tin,China,
1901,tin,RoW,
1901,zinc,EU27,
1901,zinc,China,
1901,zinc,RoW,
1901,nickel,EU27,
1901,nickel,China,
1901,nickel,RoW,
1902,tin,EU27,
1902,tin,China,
1902,tin,RoW,
1902,zinc,EU27,
1902,zinc,China,
1902,zinc,RoW,
1902,nickel,EU27,
1902,nickel,China,
1902,nickel,RoW,
1903,tin,EU27,
1903,tin,China,
1903,tin,RoW,
1903,zinc,EU27,
1903,zinc,China,
1903,zinc,RoW,
1903,nickel,EU27,
1903,nickel,China,
1903,nickel,RoW,
1904,tin,EU27,
1904,tin,China,
1904,tin,RoW,
1904,zinc,EU27,
1904,zinc,China,
1904,zinc,RoW,
1904,nickel,EU27,
1904,nickel,China,
1904,nickel,RoW,
1905,tin,EU27,
1905,tin,China,
1905,tin,RoW,
1905,zinc,EU27,
1905,zinc,China,
1905,zinc,RoW,
1905,nickel,EU27,
1905,nickel,China,
1905,nickel,RoW,
1906,tin,EU27,
1906,tin,China,
1906,tin,RoW,
1906,zinc,EU27,
1906,zinc,China,
1906,zinc,RoW,
1906,nickel,EU27,
1906,nickel,China,
1906,nickel,RoW,
1907,tin,EU27,
1907,tin,China,
1907,tin,RoW,
1907,zinc,EU27,
1907,zinc,China,
1907,zinc,RoW,
1907,nickel,EU27,
1907,nickel,China,
1907,nickel,RoW,
1908,tin,EU27,
1908,tin,China,
1908,tin,RoW,
1908,zinc,EU27,
1908,zinc,China,
1908,zinc,RoW,
1908,nickel,EU27,
1908,nickel,China,
1908,nickel,RoW,
1909,tin,EU27,
1909,tin,China,
1909,tin,RoW,
1909,zinc,EU27,
1909,zinc,China,
1909,zinc,RoW,
1909,nickel,EU27,
1909,nickel,China,
1909,nickel,RoW,
1910,tin,EU27,
1910,tin,China,
1910,tin,RoW,
1910,zinc,EU27,
1910,zinc,China,
1910,zinc,RoW,
1910,nickel,EU27,
1910,nickel,China,
1910,nickel,RoW,
1911,tin,EU27,
1911,tin,China,
1911,tin,RoW,
1911,zinc,EU27,
1911,zinc,China,
1911,zinc,RoW,
1911,nickel,EU27,
1911,nickel,China,
1911,nickel,RoW,
1912,tin,EU27,
1912,tin,China,
1912,tin,RoW,
1912,zinc,EU27,
1912,zinc,China,
1912,zinc,RoW,
1912,nickel,EU27,
1912,nickel,China,
1912,nickel,RoW,
1913,tin,EU27,
1913,tin,China,
1913,tin,RoW,
1913,zinc,EU27,
1913,zinc,China,
1913,zinc,RoW,
1913,nickel,EU27,
1913,nickel,China,
1913,nickel,RoW,
1914,tin,EU27,
1914,tin,China,
1914,tin,RoW,
1914,zinc,EU27,
1914,zinc,China,
1914,zinc,RoW,
1914,nickel,EU27,
1914,nickel,China,
1914,nickel,RoW,
1915,tin,EU27,
1915,tin,China,
1915,tin,RoW,
1915,zinc,EU27,
1915,zinc,China,
1915,zinc,RoW,
1915,nickel,EU27,
1915,nickel,China,
1915,nickel,RoW,
1916,tin,EU27,
1916,tin,China,
1916,tin,RoW,
1916,zinc,EU27,
1916,zinc,China,
1916,zinc,RoW,
1916,nickel,EU27,
1916,nickel,China,
1916,nickel,RoW,
1917,tin,EU27,
1917,tin,China,
1917,tin,RoW,
1917,zinc,EU27,
1917,zinc,China,
1917,zinc,RoW,
1917,nickel,EU27,
1917,nickel,China,
1917,nickel,RoW,
1918,tin,EU27,
1918,tin,China,
1918,tin,RoW,
1918,zinc,EU27,
1918,zinc,China,
1918,zinc,RoW,
1918,nickel,EU27,
1918,nickel,China,
1918,nickel,RoW,
1919,tin,EU27,
1919,tin,China,
1919,tin,RoW,
1919,zinc,EU27,
1919,zinc,China,
1919,zinc,RoW,
1919,nickel,EU27,
1919,nickel,China,
1919,nickel,RoW,
1920,tin,EU27,
1920,tin,China,
1920,tin,RoW,
1920,zinc,EU27,
1920,zinc,China,
1920,zinc,RoW,
1920,nickel,EU27,
1920,nickel,China,
1920,nickel,RoW,
1921,tin,EU27,
1921,tin,China,
1921,tin,RoW,
1921,zinc,EU27,
1921,zinc,China,
1921,zinc,RoW,
1921,nickel,EU27,
1921,nickel,China,
1921,nickel,RoW,
1922,tin,EU27,
1922,tin,China,
1922,tin,RoW,
1922,zinc,EU27,
1922,zinc,China,
1922,zinc,RoW,
1922,nickel,EU27,
1922,nickel,China,
1922,nickel,RoW,
1923,tin,EU27,
1923,tin,China,
1923,tin,RoW,
1923,zinc,EU27,
1923,zinc,China,
1923,zinc,RoW,
1923,nickel,EU27,
1923,nickel,China,
1923,nickel,RoW,
1924,tin,EU27,
1924,tin,China,
1924,tin,RoW,
1924,zinc,EU27,
1924,zinc,China,
1924,zinc,RoW,
1924,nickel,EU27,
1924,nickel,China,
1924,nickel,RoW,
1925,tin,EU27,
1925,tin,China,
1925,tin,RoW,
1925,zinc,EU27,
1925,zinc,China,
1925,zinc,RoW,
1925,nickel,EU27,
1925,nickel,China,
1925,nickel,RoW,
1926,tin,EU27,
1926,tin,China,
1926,tin,RoW,
1926,zinc,EU27,
1926,zinc,China,
1926,zinc,RoW,
1926,nickel,EU27,
1926,nickel,China,
1926,nickel,RoW,
1927,tin,EU27,
1927,tin,China,
1927,tin,RoW,
1927,zinc,EU27,
1927,zinc,China,
1927,zinc,RoW,
1927,nickel,EU27,
1927,nickel,China,
1927,nickel,RoW,
1928,tin,EU27,
1928,tin,China,
1928,tin,RoW,
1928,zinc,EU27,
1928,zinc,China,
1928,zinc,RoW,
1928,nickel,EU27,
1928,nickel,China,
1928,nickel,RoW,
1929,tin,EU27,
1929,tin,China,
1929,tin,RoW,
1929,zinc,EU27,
1929,zinc,China,
1929,zinc,RoW,
1929,nickel,EU27,
1929,nickel,China,
1929,nickel,RoW,
1930,tin,EU27,
1930,tin,China,
1930,tin,RoW,
1930,zinc,EU27,
1930,zinc,China,
1930,zinc,RoW,
1930,nickel,EU27,
1930,nickel,China,
1930,nickel,RoW,
1931,tin,EU27,
1931,tin,China,
1931,tin,RoW,
1931,zinc,EU27,
1931,zinc,China,
1931,zinc,RoW,
1931,nickel,EU27,
1931,nickel,China,
1931,nickel,RoW,
1932,tin,EU27,
1932,tin,China,
1932,tin,RoW,
1932,zinc,EU27,
1932,zinc,China,
1932,zinc,RoW,
1932,nickel,EU27,
1932,nickel,China,
1932,nickel,RoW,
1933,tin,EU27,
1933,tin,China,
1933,tin,RoW,
1933,zinc,EU27,
1933,zinc,China,
1933,zinc,RoW,
1933,nickel,EU27,
1933,nickel,China,
1933,nickel,RoW,
1934,tin,EU27,
1934,tin,China,
1934,tin,RoW,
1934,zinc,EU27,
1934,zinc,China,
1934,zinc,RoW,
1934,nickel,EU27,
1934,nickel,China,
1934,nickel,RoW,
1935,tin,EU27,
1935,tin,China,
1935,tin,RoW,
1935,zinc,EU27,
1935,zinc,China,
1935,zinc,RoW,
1935,nickel,EU27,
1935,nickel,China,
1935,nickel,RoW,
1936,tin,EU27,
1936,tin,China,
1936,tin,RoW,
1936,zinc,EU27,
1936,zinc,China,
1936,zinc,RoW,
1936,nickel,EU27,
1936,nickel,China,
1936,nickel,RoW,
1937,tin,EU27,
1937,tin,China,
1937,tin,RoW,
1937,zinc,EU27,
1937,zinc,China,
1937,zinc,RoW,
1937,nickel,EU27,
1937,nickel,China,
1937,nickel,RoW,
1938,tin,EU27,
1938,tin,China,
1938,tin,RoW,
1938,zinc,EU27,
1938,zinc,China,
1938,zinc,RoW,
1938,nickel,EU27,
1938,nickel,China,
1938,nickel,RoW,
1939,tin,EU27,
1939,tin,China,
1939,tin,RoW,
1939,zinc,EU27,
1939,zinc,China,
1939,zinc,RoW,
1939,nickel,EU27,
1939,nickel,China,
1939,nickel,RoW,
1940,tin,EU27,
1940,tin,China,
1940,tin,RoW,
1940,zinc,EU27,
1940,zinc,China,
1940,zinc,RoW,
1940,nickel,EU27,
1940,nickel,China,
1940,nickel,RoW,
1941,tin,EU27,
1941,tin,China,
1941,tin,RoW,
1941,zinc,EU27,
1941,zinc,China,
1941,zinc,RoW,
1941,nickel,EU27,
1941,nickel,China,
1941,nickel,RoW,
1942,tin,EU27,
1942,tin,China,
1942,tin,RoW,
1942,zinc,EU27,
1942,zinc,China,
1942,zinc,RoW,
1942,nickel,EU27,
1942,nickel,China,
1942,nickel,RoW,
1943,tin,EU27,
1943,tin,China,
1943,tin,RoW,
1943,zinc,EU27,
1943,zinc,China,
1943,zinc,RoW,
1943,nickel,EU27,
1943,nickel,China,
1943,nickel,RoW,
1944,tin,EU27,
1944,tin,China,
1944,tin,RoW,
1944,zinc,EU27,
1944,zinc,China,
1944,zinc,RoW,
1944,nickel,EU27,
1944,nickel,China,
1944,nickel,RoW,
1945,tin,EU27,
1945,tin,China,
1945,tin,RoW,
1945,zinc,EU27,
1945,zinc,China,
1945,zinc,RoW,
1945,nickel,EU27,
1945,nickel,China,
1945,nickel,RoW,
1946,tin,EU27,
1946,tin,China,
1946,tin,RoW,
1946,zinc,EU27,
1946,zinc,China,
1946,zinc,RoW,
1946,nickel,EU27,
1946,nickel,China,
1946,nickel,RoW,
1947,tin,EU27,
1947,tin,China,
1947,tin,RoW,
1947,zinc,EU27,
1947,zinc,China,
1947,zinc,RoW,
1947,nickel,EU27,
1947,nickel,China,
1947,nickel,RoW,
1948,tin,EU27,
1948,tin,China,
1948,tin,RoW,
1948,zinc,EU27,
1948,zinc,China,
1948,zinc,RoW,
1948,nickel,EU27,
1948,nickel,China,
1948,nickel,RoW,
1949,tin,EU27,
1949,tin,China,
1949,tin,RoW,
1949,zinc,EU27,
1949,zinc,China,
1949,zinc,RoW,
1949,nickel,EU27,
1949,nickel,China,
1949,nickel,RoW,
1950,tin,EU27,
1950,tin,China,
1950,tin,RoW,
1950,zinc,EU27,
1950,zinc,China,
1950,zinc,RoW,
1950,nickel,EU27,
1950,nickel,China,
1950,nickel,RoW,
1951,tin,EU27,
1951,tin,China,
1951,tin,RoW,
1951,zinc,EU27,
1951,zinc,China,
1951,zinc,RoW,
1951,nickel,EU27,
1951,nickel,China,
1951,nickel,RoW,
1952,tin,EU27,
1952,tin,China,
1952,tin,RoW,
1952,zinc,EU27,
1952,zinc,China,
1952,zinc,RoW,
1952,nickel,EU27,
1952,nickel,China,
1952,nickel,RoW,
1953,tin,EU27,
1953,tin,China,
1953,tin,RoW,
1953,zinc,EU27,
1953,zinc,China,
1953,zinc,RoW,
1953,nickel,EU27,
1953,nickel,China,
1953,nickel,RoW,
1954,tin,EU27,
1954,tin,China,
1954,tin,RoW,
1954,zinc,EU27,
1954,zinc,China,
1954,zinc,RoW,
1954,nickel,EU27,
1954,nickel,China,
1954,nickel,RoW,
1955,tin,EU27,
1955,tin,China,
1955,tin,RoW,
1955,zinc,EU27,
1955,zinc,China,
1955,zinc,RoW,
1955,nickel,EU27,
1955,nickel,China,
1955,nickel,RoW,
1956,tin,EU27,
1956,tin,China,
1956,tin,RoW,
1956,zinc,EU27,
1956,zinc,China,
1956,zinc,RoW,
1956,nickel,EU27,
1956,nickel,China,
1956,nickel,RoW,
1957,tin,EU27,
1957,tin,China,
1957,tin,RoW,
1957,zinc,EU27,
1957,zinc,China,
1957,zinc,RoW,
1957,nickel,EU27,
1957,nickel,China,
1957,nickel,RoW,
1958,tin,EU27,
1958,tin,China,
1958,tin,RoW,
1958,zinc,EU27,
1958,zinc,China,
1958,zinc,RoW,
1958,nickel,EU27,
1958,nickel,China,
1958,nickel,RoW,
1959,tin,EU27,
1959,tin,China,
1959,tin,RoW,
1959,zinc,EU27,
1959,zinc,China,
1959,zinc,RoW,
1959,nickel,EU27,
1959,nickel,China,
1959,nickel,RoW,
1960,tin,EU27,
1960,tin,China,
1960,tin,RoW,
1960,zinc,EU27,
1960,zinc,China,
1960,zinc,RoW,
1960,nickel,EU27,
1960,nickel,China,
1960,nickel,RoW,
1961,tin,EU27,
1961,tin,China,
1961,tin,RoW,
1961,zinc,EU27,
1961,zinc,China,
1961,zinc,RoW,
1961,nickel,EU27,
1961,nickel,China,
1961,nickel,RoW,
1962,tin,EU27,
1962,tin,China,
1962,tin,RoW,
1962,zinc,EU27,
1962,zinc,China,
1962,zinc,RoW,
1962,nickel,EU27,
1962,nickel,China,
1962,nickel,RoW,
1963,tin,EU27,
1963,tin,China,
1963,tin,RoW,
1963,zinc,EU27,
1963,zinc,China,
1963,zinc,RoW,
1963,nickel,EU27,
1963,nickel,China,
1963,nickel,RoW,
1964,tin,EU27,
1964,tin,China,
1964,tin,RoW,
1964,zinc,EU27,
1964,zinc,China,
1964,zinc,RoW,
1964,nickel,EU27,
1964,nickel,China,
1964,nickel,RoW,
1965,tin,EU27,
1965,tin,China,
1965,tin,RoW,
1965,zinc,EU27,
1965,zinc,China,
1965,zinc,RoW,
1965,nickel,EU27,
1965,nickel,China,
1965,nickel,RoW,
1966,tin,EU27,
1966,tin,China,
1966,tin,RoW,
1966,zinc,EU27,
1966,zinc,China,
1966,zinc,RoW,
1966,nickel,EU27,
1966,nickel,China,
1966,nickel,RoW,
1967,tin,EU27,
1967,tin,China,
1967,tin,RoW,
1967,zinc,EU27,
1967,zinc,China,
1967,zinc,RoW,
1967,nickel,EU27,
1967,nickel,China,
1967,nickel,RoW,
1968,tin,EU27,
1968,tin,China,
1968,tin,RoW,
1968,zinc,EU27,
1968,zinc,China,
1968,zinc,RoW,
1968,nickel,EU27,
1968,nickel,China,
1968,nickel,RoW,
1969,tin,EU27,
1969,tin,China,
1969,tin,RoW,
1969,zinc,EU27,
1969,zinc,China,
1969,zinc,RoW,
1969,nickel,EU27,
1969,nickel,China,
1969,nickel,RoW,
1970,tin,EU27,
1970,tin,China,
1970,tin,RoW,
1970,zinc,EU27,
1970,zinc,China,
1970,zinc,RoW,
1970,nickel,EU27,
1970,nickel,China,
1970,nickel,RoW,
1971,tin,EU27,1293.93
1971,tin,China,0.0
1971,tin,RoW,176936.0
1971,zinc,EU27,915984.63
1971,zinc,China,99000.0
1971,zinc,RoW,3924829.0
1971,nickel,EU27,15664.77
1971,nickel,China,0.0
1971,nickel,RoW,653373.27
1972,tin,EU27,1207.8
1972,tin,China,0.0
1972,tin,RoW,184261.5
1972,zinc,EU27,967322.07
1972,zinc,China,108900.0
1972,zinc,RoW,4029902.0
1972,nickel,EU27,17968.5
1972,nickel,China,0.0
1972,nickel,RoW,603660.42
1973,tin,EU27,1342.44
1973,tin,China,0.0
1973,tin,RoW,176790.5
1973,zinc,EU27,956756.79
1973,zinc,China,118800.0
1973,zinc,RoW,4416708.0
1973,nickel,EU27,20988.0
1973,nickel,China,0.0
1973,nickel,RoW,654810.75
1974,tin,EU27,1202.85
1974,tin,China,0.0
1974,tin,RoW,170568.5
1974,zinc,EU27,930356.46
1974,zinc,China,128700.0
1974,zinc,RoW,4461607.5
1974,nickel,EU27,23166.0
1974,nickel,China,0.0
1974,nickel,RoW,707247.09
1975,tin,EU27,1275.12
1975,tin,China,21780.0
1975,tin,RoW,195463.5
1975,zinc,EU27,896966.73
1975,zinc,China,133650.0
1975,zinc,RoW,4379277.0
1975,nickel,EU27,22770.0
1975,nickel,China,0.0
1975,nickel,RoW,721824.84
1976,tin,EU27,1219.68
1976,tin,China,10890.0
1976,tin,RoW,190110.0
1976,zinc,EU27,928597.23
1976,zinc,China,133650.0
1976,zinc,RoW,4452184.5
1976,nickel,EU27,24005.52
1976,nickel,China,8910.0
1976,nickel,RoW,734250.33
1977,tin,EU27,1078.11
1977,tin,China,12870.0
1977,tin,RoW,190495.0
1977,zinc,EU27,1046188.44
1977,zinc,China,148500.0
1977,zinc,RoW,4658579.0
1977,nickel,EU27,17641.8
1977,nickel,China,9900.0
1977,nickel,RoW,716725.5
1978,tin,EU27,1161.27
1978,tin,China,13860.0
1978,tin,RoW,203523.5
1978,zinc,EU27,1162178.82
1978,zinc,China,148500.0
1978,zinc,RoW,4532203.5
1978,nickel,EU27,21662.19
1978,nickel,China,9900.0
1978,nickel,RoW,586444.5
1979,tin,EU27,906.84
1979,tin,China,13860.0
1979,tin,RoW,208135.0
1979,zinc,EU27,1199110.77
1979,zinc,China,153450.0
1979,zinc,RoW,4611253.5
1979,nickel,EU27,22225.5
1979,nickel,China,10890.0
1979,nickel,RoW,629938.5
1980,tin,EU27,934.56
1980,tin,China,15840.0
1980,tin,RoW,209288.97
1980,zinc,EU27,1228994.91
1980,zinc,China,148500.0
1980,zinc,RoW,4452285.5
1980,nickel,EU27,21334.5
1980,nickel,China,10890.0
1980,nickel,RoW,706808.5
1981,tin,EU27,1207.8
1981,tin,China,15840.0
1981,tin,RoW,209383.5
1981,zinc,EU27,1091259.18
1981,zinc,China,158400.0
1981,zinc,RoW,4523509.0
1981,nickel,EU27,19262.43
1981,nickel,China,10890.0
1981,nickel,RoW,670524.0
1982,tin,EU27,1117.71
1982,tin,China,15840.0
1982,tin,RoW,193477.68
1982,zinc,EU27,1079489.07
1982,zinc,China,158400.0
1982,zinc,RoW,4602928.5
1982,nickel,EU27,10341.539999999999
1982,nickel,China,13000.0
1982,nickel,RoW,598434.5
1983,tin,EU27,1058.31
1983,tin,China,16750.0
1983,tin,RoW,174427.11
1983,zinc,EU27,1167207.03
1983,zinc,China,225000.0
1983,zinc,RoW,4741174.5
1983,nickel,EU27,18229.86
1983,nickel,China,13350.0
1983,nickel,RoW,618423.3
1984,tin,EU27,997.92
1984,tin,China,17325.0
1984,tin,RoW,174543.5
1984,zinc,EU27,1243158.84
1984,zinc,China,270000.0
1984,zinc,RoW,4891570.5
1984,nickel,EU27,21901.77
1984,nickel,China,17900.0
1984,nickel,RoW,703451.0
1985,tin,EU27,1138.5
1985,tin,China,19800.0
1985,tin,RoW,177043.5
1985,zinc,EU27,1252345.05
1985,zinc,China,350600.0
1985,zinc,RoW,4993300.5
1985,nickel,EU27,23705.55
1985,nickel,China,25200.0
1985,nickel,RoW,735130.5
1986,tin,EU27,699.93
1986,tin,China,24750.0
1986,tin,RoW,154982.52
1986,zinc,EU27,1155947.76
1986,zinc,China,365950.00000000006
1986,zinc,RoW,4950119.5
1986,nickel,EU27,21509.73
1986,nickel,China,23760.0
1986,nickel,RoW,716661.0
1987,tin,EU27,634.59
1987,tin,China,26500.0
1987,tin,RoW,153240.12
1987,zinc,EU27,1218031.65
1987,zinc,China,420650.0
1987,zinc,RoW,5009943.0
1987,nickel,EU27,19047.6
1987,nickel,China,25740.0
1987,nickel,RoW,751505.0
1988,tin,EU27,715.77
1988,tin,China,27000.0
1988,tin,RoW,171056.16
1988,zinc,EU27,1223768.7
1988,zinc,China,476349.99999999994
1988,zinc,RoW,4656991.5
1988,nickel,EU27,23958.99
1988,nickel,China,25740.0
1988,nickel,RoW,815771.88
1989,tin,EU27,612.81
1989,tin,China,31750.0
1989,tin,RoW,187149.0
1989,zinc,EU27,1141574.94
1989,zinc,China,614196.0
1989,zinc,RoW,4669453.0
1989,nickel,EU27,20470.23
1989,nickel,China,29205.0
1989,nickel,RoW,851113.89
1990,tin,EU27,1748.34
1990,tin,China,35442.0
1990,tin,RoW,171312.57
1990,zinc,EU27,1056758.67
1990,zinc,China,612711.0
1990,zinc,RoW,4777777.0
1990,nickel,EU27,26274.6
1990,nickel,China,27027.0
1990,nickel,RoW,842232.4999999999
1991,tin,EU27,3130.38
1991,tin,China,39000.0
1991,tin,RoW,146681.37
1991,zinc,EU27,1064899.44
1991,zinc,China,680999.9999999999
1991,zinc,RoW,4858552.0
1991,nickel,EU27,29335.68
1991,nickel,China,29200.0
1991,nickel,RoW,835211.52
1992,tin,EU27,2755.5
1992,tin,China,41700.0
1992,tin,RoW,137343.69
1992,zinc,EU27,912413.7
1992,zinc,China,738500.0
1992,zinc,RoW,4821660.5
1992,nickel,EU27,27037.89
1992,nickel,China,31800.0
1992,nickel,RoW,818109.0000000001
1993,tin,EU27,3717.0
1993,tin,China,46134.0
1993,tin,RoW,132603.57
1993,zinc,EU27,827015.3099999999
1993,zinc,China,722007.0
1993,zinc,RoW,4710472.0
1993,nickel,EU27,21583.98
1993,nickel,China,30492.0
1993,nickel,RoW,787565.0
1994,tin,EU27,4286.7
1994,tin,China,53559.0
1994,tin,RoW,124719.20999999999
1994,zinc,EU27,772295.04
1994,zinc,China,980397.0
1994,zinc,RoW,4551735.0
1994,nickel,EU27,26208.27
1994,nickel,China,34100.0
1994,nickel,RoW,800373.0
1995,tin,EU27,4580.73
1995,tin,China,61281.0
1995,tin,RoW,130164.20999999999
1995,zinc,EU27,785315.52
1995,zinc,China,990594.0
1995,zinc,RoW,4711176.5
1995,nickel,EU27,24085.71
1995,nickel,China,40350.0
1995,nickel,RoW,895106.5
1996,tin,EU27,4590.63
1996,tin,China,69003.0
1996,tin,RoW,147573.36
1996,zinc,EU27,717855.93
1996,zinc,China,1149390.0
1996,zinc,RoW,4838470.0
1996,nickel,EU27,24185.7
1996,nickel,China,43362.0
1996,nickel,RoW,922475.5
1997,tin,EU27,3530.34
1997,tin,China,66825.0
1997,tin,RoW,148945.5
1997,zinc,EU27,755981.82
1997,zinc,China,1197801.0
1997,zinc,RoW,4839864.0
1997,nickel,EU27,24005.52
1997,nickel,China,44950.0
1997,nickel,RoW,970724.0
1998,tin,EU27,2928.42
1998,tin,China,69399.0
1998,tin,RoW,137566.44
1998,zinc,EU27,729828.0
1998,zinc,China,1260468.0
1998,zinc,RoW,4991418.5
1998,nickel,EU27,20305.89
1998,nickel,China,44400.0
1998,nickel,RoW,996958.0
1999,tin,EU27,2141.37
1999,tin,China,79299.0
1999,tin,RoW,136421.01
1999,zinc,EU27,750607.11
1999,zinc,China,1461240.0
1999,zinc,RoW,5221734.0
1999,nickel,EU27,17113.14
1999,nickel,China,46950.0
1999,nickel,RoW,980466.4999999999
2000,tin,EU27,1233.54
2000,tin,China,98406.0
2000,tin,RoW,145155.0
2000,zinc,EU27,860838.66
2000,zinc,China,1762497.0
2000,zinc,RoW,5508765.5
2000,nickel,EU27,27388.35
2000,nickel,China,49797.0
2000,nickel,RoW,1055547.5
2001,tin,EU27,1188.99
2001,tin,China,92070.0
2001,tin,RoW,148849.47
2001,zinc,EU27,856275.75
2001,zinc,China,1676268.0
2001,zinc,RoW,5740676.5
2001,nickel,EU27,24197.579999999998
2001,nickel,China,50350.0
2001,nickel,RoW,1119080.0
2002,tin,EU27,341.55
2002,tin,China,80190.0
2002,tin,RoW,154045.98
2002,zinc,EU27,743349.42
2002,zinc,China,1607859.0
2002,zinc,RoW,5897353.5
2002,nickel,EU27,25938.0
2002,nickel,China,53050.0
2002,nickel,RoW,1131273.0
2003,tin,EU27,200.97
2003,tin,China,99950.0
2003,tin,RoW,153852.93
2003,zinc,EU27,842670.1799999999
2003,zinc,China,2008809.0
2003,zinc,RoW,5973455.5
2003,nickel,EU27,22275.0
2003,nickel,China,60489.0
2003,nickel,RoW,1154383.5
2004,tin,EU27,198.0
2004,tin,China,116750.00000000001
2004,tin,RoW,164831.04
2004,zinc,EU27,840721.86
2004,zinc,China,2367288.0
2004,zinc,RoW,5962871.500000001
2004,nickel,EU27,22721.49
2004,nickel,China,74100.0
2004,nickel,RoW,1197159.5
2005,tin,EU27,240.57
2005,tin,China,120384.0
2005,tin,RoW,174005.37
2005,zinc,EU27,867091.5
2005,zinc,China,2522322.0
2005,zinc,RoW,6082166.0
2005,nickel,EU27,29290.14
2005,nickel,China,71973.0
2005,nickel,RoW,1227428.5
2006,tin,EU27,24.75
2006,tin,China,125037.0
2006,tin,RoW,168453.45
2006,zinc,EU27,837336.0599999999
2006,zinc,China,2815758.0
2006,zinc,RoW,6255858.500000001
2006,nickel,EU27,31185.989999999998
2006,nickel,China,81279.0
2006,nickel,RoW,1291802.4999999998
2007,tin,EU27,40.589999999999996
2007,tin,China,144441.0
2007,tin,RoW,187399.0
2007,zinc,EU27,835914.42
2007,zinc,China,3017223.0
2007,zinc,RoW,6555892.0
2007,nickel,EU27,28963.44
2007,nickel,China,65736.0
2007,nickel,RoW,1314140.0
2008,tin,EU27,28.71
2008,tin,China,119988.0
2008,tin,RoW,184919.5
2008,zinc,EU27,813106.8
2008,zinc,China,3309174.0
2008,zinc,RoW,6890599.000000001
2008,nickel,EU27,28844.64
2008,nickel,China,78705.0
2008,nickel,RoW,1281396.5
2009,tin,EU27,33.66
2009,tin,China,126720.0
2009,tin,RoW,177784.0
2009,zinc,EU27,752923.71
2009,zinc,China,3291156.0
2009,zinc,RoW,6572930.0
2009,nickel,EU27,18774.36
2009,nickel,China,83952.0
2009,nickel,RoW,1133531.5
2010,tin,EU27,21.78
2010,tin,China,128304.0
2010,tin,RoW,195356.5
2010,zinc,EU27,756637.2
2010,zinc,China,3803778.0
2010,zinc,RoW,6921219.999999999
2010,nickel,EU27,34715.34
2010,nickel,China,79002.0
2010,nickel,RoW,1274317.0
2011,tin,EU27,47.519999999999996
2011,tin,China,126126.0
2011,tin,RoW,197720.82
2011,zinc,EU27,760161.6
2011,zinc,China,4009500.0
2011,zinc,RoW,6914559.5
2011,nickel,EU27,40386.06
2011,nickel,China,88902.0
2011,nickel,RoW,1552582.0
2012,tin,EU27,109.89
2012,tin,China,114543.0
2012,tin,RoW,196304.13
2012,zinc,EU27,747266.85
2012,zinc,China,4810509.0
2012,zinc,RoW,6917599.5
2012,nickel,EU27,42481.89
2012,nickel,China,92367.0
2012,nickel,RoW,1890994.9999999998
2013,tin,EU27,83.16
2013,tin,China,100223.64
2013,tin,RoW,185595.0
2013,zinc,EU27,734438.43
2013,zinc,China,5135869.53
2013,zinc,RoW,6836675.500000001
2013,nickel,EU27,46038.96
2013,nickel,China,92219.49
2013,nickel,RoW,2073625.0
2014,tin,EU27,74.25
2014,tin,China,101031.48
2014,tin,RoW,200936.0
2014,zinc,EU27,731716.92
2014,zinc,China,5067210.06
2014,zinc,RoW,6839040.5
2014,nickel,EU27,48799.08
2014,nickel,China,100056.33
2014,nickel,RoW,1571092.0
2015,tin,EU27,41.58
2015,tin,China,109054.44
2015,tin,RoW,187901.0
2015,zinc,EU27,692611.92
2015,zinc,China,4701388.2299999995
2015,zinc,RoW,6952564.0
2015,nickel,EU27,37853.64
2015,nickel,China,100388.97
2015,nickel,RoW,1677221.0
2016,tin,EU27,60.39
2016,tin,China,96193.35
2016,tin,RoW,193430.0
2016,zinc,EU27,674623.62
2016,zinc,China,4663395.0
2016,zinc,RoW,6507058.5
2016,nickel,EU27,42791.76
2016,nickel,China,99216.81
2016,nickel,RoW,1569355.0
2017,tin,EU27,102.96
2017,tin,China,94593.51
2017,tin,RoW,209108.0
2017,zinc,EU27,657386.73
2017,zinc,China,3829815.0
2017,zinc,RoW,6576224.5
2017,nickel,EU27,53916.39
2017,nickel,China,101277.0
2017,nickel,RoW,1714840.4999999998
2018,tin,EU27,190.07999999999998
2018,tin,China,93889.62
2018,tin,RoW,206432.5
2018,zinc,EU27,773771.13
2018,zinc,China,3683889.0
2018,zinc,RoW,6725787.000000001
2018,nickel,EU27,61550.28
2018,nickel,China,107118.0
2018,nickel,RoW,1857048.5
2019,tin,EU27,206.91
2019,tin,China,84981.6
2019,tin,RoW,203041.0
2019,zinc,EU27,761018.94
2019,zinc,China,3648942.0
2019,zinc,RoW,6865154.000000001
2019,nickel,EU27,52420.5
2019,nickel,China,103627.26
2019,nickel,RoW,2115026.5
2020,tin,EU27,216.81
2020,tin,China,93518.37
2020,tin,RoW,165977.5
2020,zinc,EU27,765937.26
2020,zinc,China,4017420.0
2020,zinc,RoW,6834552.5
2020,nickel,EU27,48746.61
2020,nickel,China,103627.26
2020,nickel,RoW,2026462.0
2021,tin,EU27,277.2
2021,tin,China,82312.56
2021,tin,RoW,179793.5
2021,zinc,EU27,756995.58
2021,zinc,China,4094640.0
2021,zinc,RoW,6899525.000000001
2021,nickel,EU27,47126.97
2021,nickel,China,102861.0
2021,nickel,RoW,2283050.5
2022,tin,EU27,370.26
2022,tin,China,66691.35
2022,tin,RoW,185060.50000000003
2022,zinc,EU27,691424.91
2022,zinc,China,4000590.0
2022,zinc,RoW,6788400.000000001
2022,nickel,EU27,46976.49
2022,nickel,China,108306.0
2022,nickel,RoW,2641971.5
2023,tin,EU27,393.03
2023,tin,China,65835.0
2023,tin,RoW,207044.0
2023,zinc,EU27,632811.96
2023,zinc,China,3233340.0
2023,zinc,RoW,6676746.0
2023,nickel,EU27,42264.09
2023,nickel,China,111474.0
2023,nickel,RoW,3069694.0
2024,tin,EU27,
2024,tin,China,
2024,tin,RoW,
2024,zinc,EU27,
2024,zinc,China,
2024,zinc,RoW,
2024,nickel,EU27,
2024,nickel,China,
2024,nickel,RoW,
2025,tin,EU27,
2025,tin,China,
2025,tin,RoW,
2025,zinc,EU27,
2025,zinc,China,
2025,zinc,RoW,
2025,nickel,EU27,
2025,nickel,China,
2025,nickel,RoW,
2026,tin,EU27,
2026,tin,China,
2026,tin,RoW,
2026,zinc,EU27,
2026,zinc,China,
2026,zinc,RoW,
2026,nickel,EU27,
2026,nickel,China,
2026,nickel,RoW,
2027,tin,EU27,
2027,tin,China,
2027,tin,RoW,
2027,zinc,EU27,
2027,zinc,China,
2027,zinc,RoW,
2027,nickel,EU27,
2027,nickel,China,
2027,nickel,RoW,
2028,tin,EU27,
2028,tin,China,
2028,tin,RoW,
2028,zinc,EU27,
2028,zinc,China,
2028,zinc,RoW,
2028,nickel,EU27,
2028,nickel,China,
2028,nickel,RoW,
2029,tin,EU27,
2029,tin,China,
2029,tin,RoW,
2029,zinc,EU27,
2029,zinc,China,
2029,zinc,RoW,
2029,nickel,EU27,
2029,nickel,China,
2029,nickel,RoW,
2030,tin,EU27,
2030,tin,China,
2030,tin,RoW,
2030,zinc,EU27,
2030,zinc,China,
2030,zinc,RoW,
2030,nickel,EU27,
2030,nickel,China,
2030,nickel,RoW,
2031,tin,EU27,
2031,tin,China,
2031,tin,RoW,
2031,zinc,EU27,
2031,zinc,China,
2031,zinc,RoW,
2031,nickel,EU27,
2031,nickel,China,
2031,nickel,RoW,
2032,tin,EU27,
2032,tin,China,
2032,tin,RoW,
2032,zinc,EU27,
2032,zinc,China,
2032,zinc,RoW,
2032,nickel,EU27,
2032,nickel,China,
2032,nickel,RoW,
2033,tin,EU27,
2033,tin,China,
2033,tin,RoW,
2033,zinc,EU27,
2033,zinc,China,
2033,zinc,RoW,
2033,nickel,EU27,
2033,nickel,China,
2033,nickel,RoW,
2034,tin,EU27,
2034,tin,China,
2034,tin,RoW,
2034,zinc,EU27,
2034,zinc,China,
2034,zinc,RoW,
2034,nickel,EU27,
2034,nickel,China,
2034,nickel,RoW,
2035,tin,EU27,
2035,tin,China,
2035,tin,RoW,
2035,zinc,EU27,
2035,zinc,China,
2035,zinc,RoW,
2035,nickel,EU27,
2035,nickel,China,
2035,nickel,RoW,
2036,tin,EU27,
2036,tin,China,
2036,tin,RoW,
2036,zinc,EU27,
2036,zinc,China,
2036,zinc,RoW,
2036,nickel,EU27,
2036,nickel,China,
2036,nickel,RoW,
2037,tin,EU27,
2037,tin,China,
2037,tin,RoW,
2037,zinc,EU27,
2037,zinc,China,
2037,zinc,RoW,
2037,nickel,EU27,
2037,nickel,China,
2037,nickel,RoW,
2038,tin,EU27,
2038,tin,China,
2038,tin,RoW,
2038,zinc,EU27,
2038,zinc,China,
2038,zinc,RoW,
2038,nickel,EU27,
2038,nickel,China,
2038,nickel,RoW,
2039,tin,EU27,
2039,tin,China,
2039,tin,RoW,
2039,zinc,EU27,
2039,zinc,China,
2039,zinc,RoW,
2039,nickel,EU27,
2039,nickel,China,
2039,nickel,RoW,
2040,tin,EU27,
2040,tin,China,
2040,tin,RoW,
2040,zinc,EU27,
2040,zinc,China,
2040,zinc,RoW,
2040,nickel,EU27,
2040,nickel,China,
2040,nickel,RoW,
2041,tin,EU27,
2041,tin,China,
2041,tin,RoW,
2041,zinc,EU27,
2041,zinc,China,
2041,zinc,RoW,
2041,nickel,EU27,
2041,nickel,China,
2041,nickel,RoW,
2042,tin,EU27,
2042,tin,China,
2042,tin,RoW,
2042,zinc,EU27,
2042,zinc,China,
2042,zinc,RoW,
2042,nickel,EU27,
2042,nickel,China,
2042,nickel,RoW,
2043,tin,EU27,
2043,tin,China,
2043,tin,RoW,
2043,zinc,EU27,
2043,zinc,China,
2043,zinc,RoW,
2043,nickel,EU27,
2043,nickel,China,
2043,nickel,RoW,
2044,tin,EU27,
2044,tin,China,
2044,tin,RoW,
2044,zinc,EU27,
2044,zinc,China,
2044,zinc,RoW,
2044,nickel,EU27,
2044,nickel,China,
2044,nickel,RoW,
2045,tin,EU27,
2045,tin,China,
2045,tin,RoW,
2045,zinc,EU27,
2045,zinc,China,
2045,zinc,RoW,
2045,nickel,EU27,
2045,nickel,China,
2045,nickel,RoW,
2046,tin,EU27,
2046,tin,China,
2046,tin,RoW,
2046,zinc,EU27,
2046,zinc,China,
2046,zinc,RoW,
2046,nickel,EU27,
2046,nickel,China,
2046,nickel,RoW,
2047,tin,EU27,
2047,tin,China,
2047,tin,RoW,
2047,zinc,EU27,
2047,zinc,China,
2047,zinc,RoW,
2047,nickel,EU27,
2047,nickel,China,
2047,nickel,RoW,
2048,tin,EU27,
2048,tin,China,
2048,tin,RoW,
2048,zinc,EU27,
2048,zinc,China,
2048,zinc,RoW,
2048,nickel,EU27,
2048,nickel,China,
2048,nickel,RoW,
2049,tin,EU27,
2049,tin,China,
2049,tin,RoW,
2049,zinc,EU27,
2049,zinc,China,
2049,zinc,RoW,
2049,nickel,EU27,
2049,nickel,China,
2049,nickel,RoW,
2050,tin,EU27,
2050,tin,China,
2050,tin,RoW,
2050,zinc,EU27,
2050,zinc,China,
2050,zinc,RoW,
2050,nickel,EU27,
2050,nickel,China,
2050,nickel,RoW,
2051,tin,EU27,
2051,tin,China,
2051,tin,RoW,
2051,zinc,EU27,
2051,zinc,China,
2051,zinc,RoW,
2051,nickel,EU27,
2051,nickel,China,
2051,nickel,RoW,
2052,tin,EU27,
2052,tin,China,
2052,tin,RoW,
2052,zinc,EU27,
2052,zinc,China,
2052,zinc,RoW,
2052,nickel,EU27,
2052,nickel,China,
2052,nickel,RoW,
2053,tin,EU27,
2053,tin,China,
2053,tin,RoW,
2053,zinc,EU27,
2053,zinc,China,
2053,zinc,RoW,
2053,nickel,EU27,
2053,nickel,China,
2053,nickel,RoW,
2054,tin,EU27,
2054,tin,China,
2054,tin,RoW,
2054,zinc,EU27,
2054,zinc,China,
2054,zinc,RoW,
2054,nickel,EU27,
2054,nickel,China,
2054,nickel,RoW,
2055,tin,EU27,
2055,tin,China,
2055,tin,RoW,
2055,zinc,EU27,
2055,zinc,China,
2055,zinc,RoW,
2055,nickel,EU27,
2055,nickel,China,
2055,nickel,RoW,
2056,tin,EU27,
2056,tin,China,
2056,tin,RoW,
2056,zinc,EU27,
2056,zinc,China,
2056,zinc,RoW,
2056,nickel,EU27,
2056,nickel,China,
2056,nickel,RoW,
2057,tin,EU27,
2057,tin,China,
2057,tin,RoW,
2057,zinc,EU27,
2057,zinc,China,
2057,zinc,RoW,
2057,nickel,EU27,
2057,nickel,China,
2057,nickel,RoW,
2058,tin,EU27,
2058,tin,China,
2058,tin,RoW,
2058,zinc,EU27,
2058,zinc,China,
2058,zinc,RoW,
2058,nickel,EU27,
2058,nickel,China,
2058,nickel,RoW,
2059,tin,EU27,
2059,tin,China,
2059,tin,RoW,
2059,zinc,EU27,
2059,zinc,China,
2059,zinc,RoW,
2059,nickel,EU27,
2059,nickel,China,
2059,nickel,RoW,
2060,tin,EU27,
2060,tin,China,
2060,tin,RoW,
2060,zinc,EU27,
2060,zinc,China,
2060,zinc,RoW,
2060,nickel,EU27,
2060,nickel,China,
2060,nickel,RoW,
2061,tin,EU27,
2061,tin,China,
2061,tin,RoW,
2061,zinc,EU27,
2061,zinc,China,
2061,zinc,RoW,
2061,nickel,EU27,
2061,nickel,China,
2061,nickel,RoW,
2062,tin,EU27,
2062,tin,China,
2062,tin,RoW,
2062,zinc,EU27,
2062,zinc,China,
2062,zinc,RoW,
2062,nickel,EU27,
2062,nickel,China,
2062,nickel,RoW,
2063,tin,EU27,
2063,tin,China,
2063,tin,RoW,
2063,zinc,EU27,
2063,zinc,China,
2063,zinc,RoW,
2063,nickel,EU27,
2063,nickel,China,
2063,nickel,RoW,
2064,tin,EU27,
2064,tin,China,
2064,tin,RoW,
2064,zinc,EU27,
2064,zinc,China,
2064,zinc,RoW,
2064,nickel,EU27,
2064,nickel,China,
2064,nickel,RoW,
2065,tin,EU27,
2065,tin,China,
2065,tin,RoW,
2065,zinc,EU27,
2065,zinc,China,
2065,zinc,RoW,
2065,nickel,EU27,
2065,nickel,China,
2065,nickel,RoW,
2066,tin,EU27,
2066,tin,China,
2066,tin,RoW,
2066,zinc,EU27,
2066,zinc,China,
2066,zinc,RoW,
2066,nickel,EU27,
2066,nickel,China,
2066,nickel,RoW,
2067,tin,EU27,
2067,tin,China,
2067,tin,RoW,
2067,zinc,EU27,
2067,zinc,China,
2067,zinc,RoW,
2067,nickel,EU27,
2067,nickel,China,
2067,nickel,RoW,
2068,tin,EU27,
2068,tin,China,
2068,tin,RoW,
2068,zinc,EU27,
2068,zinc,China,
2068,zinc,RoW,
2068,nickel,EU27,
2068,nickel,China,
2068,nickel,RoW,
2069,tin,EU27,
2069,tin,China,
2069,tin,RoW,
2069,zinc,EU27,
2069,zinc,China,
2069,zinc,RoW,
2069,nickel,EU27,
2069,nickel,China,
2069,nickel,RoW,
2070,tin,EU27,
2070,tin,China,
2070,tin,RoW,
2070,zinc,EU27,
2070,zinc,China,
2070,zinc,RoW,
2070,nickel,EU27,
2070,nickel,China,
2070,nickel,RoW,
2071,tin,EU27,
2071,tin,China,
2071,tin,RoW,
2071,zinc,EU27,
2071,zinc,China,
2071,zinc,RoW,
2071,nickel,EU27,
2071,nickel,China,
2071,nickel,RoW,
2072,tin,EU27,
2072,tin,China,
2072,tin,RoW,
2072,zinc,EU27,
2072,zinc,China,
2072,zinc,RoW,
2072,nickel,EU27,
2072,nickel,China,
2072,nickel,RoW,
2073,tin,EU27,
2073,tin,China,
2073,tin,RoW,
2073,zinc,EU27,
2073,zinc,China,
2073,zinc,RoW,
2073,nickel,EU27,
2073,nickel,China,
2073,nickel,RoW,
2074,tin,EU27,
2074,tin,China,
2074,tin,RoW,
2074,zinc,EU27,
2074,zinc,China,
2074,zinc,RoW,
2074,nickel,EU27,
2074,nickel,China,
2074,nickel,RoW,
2075,tin,EU27,
2075,tin,China,
2075,tin,RoW,
2075,zinc,EU27,
2075,zinc,China,
2075,zinc,RoW,
2075,nickel,EU27,
2075,nickel,China,
2075,nickel,RoW,
2076,tin,EU27,
2076,tin,China,
2076,tin,RoW,
2076,zinc,EU27,
2076,zinc,China,
2076,zinc,RoW,
2076,nickel,EU27,
2076,nickel,China,
2076,nickel,RoW,
2077,tin,EU27,
2077,tin,China,
2077,tin,RoW,
2077,zinc,EU27,
2077,zinc,China,
2077,zinc,RoW,
2077,nickel,EU27,
2077,nickel,China,
2077,nickel,RoW,
2078,tin,EU27,
2078,tin,China,
2078,tin,RoW,
2078,zinc,EU27,
2078,zinc,China,
2078,zinc,RoW,
2078,nickel,EU27,
2078,nickel,China,
2078,nickel,RoW,
2079,tin,EU27,
2079,tin,China,
2079,tin,RoW,
2079,zinc,EU27,
2079,zinc,China,
2079,zinc,RoW,
2079,nickel,EU27,
2079,nickel,China,
2079,nickel,RoW,
2080,tin,EU27,
2080,tin,China,
2080,tin,RoW,
2080,zinc,EU27,
2080,zinc,China,
2080,zinc,RoW,
2080,nickel,EU27,
2080,nickel,China,
2080,nickel,RoW,
2081,tin,EU27,
2081,tin,China,
2081,tin,RoW,
2081,zinc,EU27,
2081,zinc,China,
2081,zinc,RoW,
2081,nickel,EU27,
2081,nickel,China,
2081,nickel,RoW,
2082,tin,EU27,
2082,tin,China,
2082,tin,RoW,
2082,zinc,EU27,
2082,zinc,China,
2082,zinc,RoW,
2082,nickel,EU27,
2082,nickel,China,
2082,nickel,RoW,
2083,tin,EU27,
2083,tin,China,
2083,tin,RoW,
2083,zinc,EU27,
2083,zinc,China,
2083,zinc,RoW,
2083,nickel,EU27,
2083,nickel,China,
2083,nickel,RoW,
2084,tin,EU27,
2084,tin,China,
2084,tin,RoW,
2084,zinc,EU27,
2084,zinc,China,
2084,zinc,RoW,
2084,nickel,EU27,
2084,nickel,China,
2084,nickel,RoW,
2085,tin,EU27,
2085,tin,China,
2085,tin,RoW,
2085,zinc,EU27,
2085,zinc,China,
2085,zinc,RoW,
2085,nickel,EU27,
2085,nickel,China,
2085,nickel,RoW,
2086,tin,EU27,
2086,tin,China,
2086,tin,RoW,
2086,zinc,EU27,
2086,zinc,China,
2086,zinc,RoW,
2086,nickel,EU27,
2086,nickel,China,
2086,nickel,RoW,
2087,tin,EU27,
2087,tin,China,
2087,tin,RoW,
2087,zinc,EU27,
2087,zinc,China,
2087,zinc,RoW,
2087,nickel,EU27,
2087,nickel,China,
2087,nickel,RoW,
2088,tin,EU27,
2088,tin,China,
2088,tin,RoW,
2088,zinc,EU27,
2088,zinc,China,
2088,zinc,RoW,
2088,nickel,EU27,
2088,nickel,China,
2088,nickel,RoW,
2089,tin,EU27,
2089,tin,China,
2089,tin,RoW,
2089,zinc,EU27,
2089,zinc,China,
2089,zinc,RoW,
2089,nickel,EU27,
2089,nickel,China,
2089,nickel,RoW,
2090,tin,EU27,
2090,tin,China,
2090,tin,RoW,
2090,zinc,EU27,
2090,zinc,China,
2090,zinc,RoW,
2090,nickel,EU27,
2090,nickel,China,
2090,nickel,RoW,
2091,tin,EU27,
2091,tin,China,
2091,tin,RoW,
2091,zinc,EU27,
2091,zinc,China,
2091,zinc,RoW,
2091,nickel,EU27,
2091,nickel,China,
2091,nickel,RoW,
2092,tin,EU27,
2092,tin,China,
2092,tin,RoW,
2092,zinc,EU27,
2092,zinc,China,
2092,zinc,RoW,
2092,nickel,EU27,
2092,nickel,China,
2092,nickel,RoW,
2093,tin,EU27,
2093,tin,China,
2093,tin,RoW,
2093,zinc,EU27,
2093,zinc,China,
2093,zinc,RoW,
2093,nickel,EU27,
2093,nickel,China,
2093,nickel,RoW,
2094,tin,EU27,
2094,tin,China,
2094,tin,RoW,
2094,zinc,EU27,
2094,zinc,China,
2094,zinc,RoW,
2094,nickel,EU27,
2094,nickel,China,
2094,nickel,RoW,
2095,tin,EU27,
2095,tin,China,
2095,tin,RoW,
2095,zinc,EU27,
2095,zinc,China,
2095,zinc,RoW,
2095,nickel,EU27,
2095,nickel,China,
2095,nickel,RoW,
2096,tin,EU27,
2096,tin,China,
2096,tin,RoW,
2096,zinc,EU27,
2096,zinc,China,
2096,zinc,RoW,
2096,nickel,EU27,
2096,nickel,China,
2096,nickel,RoW,
2097,tin,EU27,
2097,tin,China,
2097,tin,RoW,
2097,zinc,EU27,
2097,zinc,China,
2097,zinc,RoW,
2097,nickel,EU27,
2097,nickel,China,
2097,nickel,RoW,
2098,tin,EU27,
2098,tin,China,
2098,tin,RoW,
2098,zinc,EU27,
2098,zinc,China,
2098,zinc,RoW,
2098,nickel,EU27,
2098,nickel,China,
2098,nickel,RoW,
2099,tin,EU27,
2099,tin,China,
2099,tin,RoW,
2099,zinc,EU27,
2099,zinc,China,
2099,zinc,RoW,
2099,nickel,EU27,
2099,nickel,China,
2099,nickel,RoW,
2100,tin,EU27,
2100,tin,China,
2100,tin,RoW,
2100,zinc,EU27,
2100,zinc,China,
2100,zinc,RoW,
2100,nickel,EU27,
2100,nickel,China,
2100,nickel,RoW,
